title,category
Research Scientist,Research & Science
AI Engineer,AI/Machine Learning
Manager,Management & Leadership
Business Intelligence Developer,Data & Analytics
Software Engineer,Software Engineering
Data Scientist,AI/Machine Learning
Research Engineer,Research & Science
Data Specialist,Data & Analytics
AI Architect,AI/Machine Learning
Business Analyst,Product Business & Strategy
Machine Learning Engineer,AI/Machine Learning
Data Analyst,Data & Analytics
Data Architect,Data Engineering & Infrastructure
Data Engineer,Data Engineering & Infrastructure
Analyst,Data & Analytics
Engineer,Software Engineering
Data Analytics Manager,Management & Leadership
Business Development Representative,Product Business & Strategy
Analytics Engineer,Data Engineering & Infrastructure
Research Associate,Research & Science
Product Specialist,Product Business & Strategy
Systems Engineer,Software Engineering
Associate,Product Business & Strategy
Data Governance,Data Governance & Operations
Software Development Engineer,Software Engineering
Data Governance Lead,Management & Leadership
Software Developer,Software Engineering
Statistician,Research & Science
Architect,Software Engineering
Data Product Manager,Product Business & Strategy
Quantitative Researcher,Research & Science
Product Manager,Product Business & Strategy
Applied Scientist,Research & Science
Cloud Developer,Software Engineering
Engineering Manager,Management & Leadership
Consultant,Product Business & Strategy
Product Designer,Product Business & Strategy
Data Operations,Data Governance & Operations
Statistical Programmer,Research & Science
Data Governance Analyst,Data Governance & Operations
Solution Architect,Software Engineering
Data Modeler,Data Engineering & Infrastructure
Full Stack Developer,Software Engineering
Data Management Lead,Management & Leadership
Business Intelligence Analyst,Data & Analytics
Postdoctoral Researcher,Research & Science
DevOps Engineer,Software Engineering
Solutions Architect,Software Engineering
Developer,Software Engineering
Cloud Engineer,Software Engineering
MLOps Engineer,AI/Machine Learning
Solutions Engineer,Software Engineering
Data Lead,Management & Leadership
Data Manager,Management & Leadership
Data Management Specialist,Data Governance & Operations
Site Reliability Engineer,Software Engineering
Data Integration Engineer,Data Engineering & Infrastructure
Director of Machine Learning,Management & Leadership
Data Reporting Analyst,Data & Analytics
Research Assistant,Research & Science
Application Developer,Software Engineering
BI Engineer,Data & Analytics
Data Analytics Lead,Management & Leadership
Data Governance Specialist,Data Governance & Operations
Insight Analyst,Data & Analytics
Platform Engineer,Software Engineering
Business Intelligence Engineer,Data & Analytics
Executive,Management & Leadership
Machine Learning Scientist,AI/Machine Learning
Head of Data,Management & Leadership
Computer Vision Engineer,AI/Machine Learning
BI Analyst,Data & Analytics
Postdoctoral Fellow,Research & Science
Python Developer,Software Engineering
Backend Engineer,Software Engineering
Full Stack Engineer,Software Engineering
Data Management Analyst,Data Governance & Operations
AI Developer,AI/Machine Learning
Data Developer,Data Engineering & Infrastructure
Quantitative Analyst,Research & Science
Data Integrity Analyst,Data Governance & Operations
Product Owner,Product Business & Strategy
Product Analyst,Product Business & Strategy
Data Integrator,Data Engineering & Infrastructure
Data Governance Manager,Management & Leadership
Machine Learning Researcher,AI/Machine Learning
Analytics Lead,Management & Leadership
Member of Technical Staff,Software Engineering
System Engineer,Software Engineering
Enterprise Account Executive,Product Business & Strategy
Data Visualization Analyst,Data & Analytics
Data Management Consultant,Data Governance & Operations
Research Analyst,Research & Science
Technical Lead,Management & Leadership
QA Engineer,Software Engineering
Lead Data Analysis,Management & Leadership
Data Management Associate,Data Governance & Operations
Head of AI,Management & Leadership
Data Infrastructure Engineer,Data Engineering & Infrastructure
Principal Researcher,Research & Science
Computational Scientist,Research & Science
BI Developer,Data & Analytics
Data Visualization Specialist,Data & Analytics
Data Quality Analyst,Data Governance & Operations
Data Quality Lead,Management & Leadership
Data Operations Engineer,Data Engineering & Infrastructure
Software Architect,Software Engineering
Data Platform Engineer,Data Engineering & Infrastructure
AI Scientist,AI/Machine Learning
Data Product Owner,Product Business & Strategy
Decision Scientist,AI/Machine Learning
Bioinformatics Scientist,Research & Science
Lead Engineer,Management & Leadership
Data Strategist,Product Business & Strategy
Account Executive,Product Business & Strategy
AI Researcher,AI/Machine Learning
AI Data Scientist,AI/Machine Learning
Robotics Engineer,AI/Machine Learning
Copywriter,Product Business & Strategy
Data Integration Specialist,Data Engineering & Infrastructure
Customer Success Manager,Product Business & Strategy
Actuarial Analyst,Research & Science
Database Administrator,Data Engineering & Infrastructure
Quantitative Developer,Research & Science
Prompt Engineer,AI/Machine Learning
Analytics Specialist,Data & Analytics
AI Governance Lead,Management & Leadership
DataOps Engineer,Data Engineering & Infrastructure
Tableau Developer,Data & Analytics
Business Intelligence Specialist,Data & Analytics
Java Developer,Software Engineering
Power BI Developer,Data & Analytics
AI Product Owner,Product Business & Strategy
Principal Software Architect,Software Engineering
Data Operations Specialist,Data Governance & Operations
Master Data Management,Data Governance & Operations
Security Researcher,Research & Science
AI Research Scientist,AI/Machine Learning
Principal Statistical Programmer,Research & Science
Data Team Lead,Management & Leadership
Big Data Developer,Data Engineering & Infrastructure
Tech Lead,Management & Leadership
Sales Development Representative,Product Business & Strategy
Staff Data Scientist,AI/Machine Learning
AI Machine Learning Engineer,AI/Machine Learning
GenAI Architect,AI/Machine Learning
Lead Analyst,Management & Leadership
Head of Machine Learning,Management & Leadership
Data Analytics Consultant,Data & Analytics
Machine Learning Developer,AI/Machine Learning
Data Strategy Lead,Management & Leadership
Data Scientist Associate,AI/Machine Learning
Business Intelligence Manager,Management & Leadership
Risk Analyst,Data & Analytics
Marketing Science Partner,Product Business & Strategy
Data Reporting Specialist,Data & Analytics
AI Lead,Management & Leadership
Machine Learning Specialist,AI/Machine Learning
Technical Specialist,Software Engineering
Applied Research Scientist,Research & Science
Data Analytics Developer,Data & Analytics
Machine Learning Lead,Management & Leadership
Technical Writer,Product Business & Strategy
Data Quality Engineer,Data Governance & Operations
ETL Engineer,Data Engineering & Infrastructure
AI Research Engineer,AI/Machine Learning
Business Intelligence Consultant,Data & Analytics
AI Software Engineer,AI/Machine Learning
Lead AI Engineer,Management & Leadership
Backend Software Engineer,Software Engineering
AI Product Manager,Product Business & Strategy
ML Infrastructure Engineer,AI/Machine Learning
Machine Learning Platform Engineer,AI/Machine Learning
AI Solution Architect,AI/Machine Learning
Data Scientist Lead,Management & Leadership
Machine Vision Engineer,AI/Machine Learning
Data Governance Engineer,Data Governance & Operations
Marketing Analyst,Data & Analytics
Data Management Manager,Management & Leadership
Marketing Analytics Manager,Management & Leadership
Machine Learning Manager,Management & Leadership
Data Product Analyst,Product Business & Strategy
Data Quality Manager,Management & Leadership
Machine Learning Infrastructure Engineer,AI/Machine Learning
People Data Analyst,Data & Analytics
Frontend Engineer,Software Engineering
NLP Engineer,AI/Machine Learning
SAS Developer,Data & Analytics
Data Analytics Team Lead,Management & Leadership
AI Programmer,AI/Machine Learning
Admin & Data Analyst,Data & Analytics
Head of Business Intelligence,Management & Leadership
AI Software Development Engineer,AI/Machine Learning
Consultant Data Engineer,Data Engineering & Infrastructure
Director of Business Intelligence,Management & Leadership
Lead Data Scientist,Management & Leadership
CRM Data Analyst,Data & Analytics
Applied Data Scientist,AI/Machine Learning
Data DevOps Engineer,Data Engineering & Infrastructure
Lead Machine Learning Engineer,Management & Leadership
Machine Learning Research Engineer,AI/Machine Learning
Data Analyst Lead,Management & Leadership
Business Data Analyst,Data & Analytics
Marketing Data Scientist,AI/Machine Learning
Deep Learning Engineer,AI/Machine Learning
Financial Data Analyst,Data & Analytics
Azure Data Engineer,Data Engineering & Infrastructure
Principal Data Scientist,AI/Machine Learning
Machine Learning Software Engineer,AI/Machine Learning
Principal Machine Learning Engineer,AI/Machine Learning
Principal Data Engineer,Data Engineering & Infrastructure
Business Intelligence Data Analyst,Data & Analytics
Finance Data Analyst,Data & Analytics
Cloud Data Engineer,Data Engineering & Infrastructure
Analytics Engineering Manager,Management & Leadership
AWS Data Architect,Data Engineering & Infrastructure
Product Data Analyst,Product Business & Strategy
Sales Data Analyst,Data & Analytics
Applied Machine Learning Engineer,AI/Machine Learning
BI Data Engineer,Data Engineering & Infrastructure
Deep Learning Researcher,AI/Machine Learning
Big Data Architect,Data Engineering & Infrastructure
Computer Vision Software Engineer,AI/Machine Learning
Marketing Data Engineer,Data Engineering & Infrastructure
Data Science Tech Lead,Management & Leadership
Data Analytics Engineer,Data Engineering & Infrastructure
Cloud Data Architect,Data Engineering & Infrastructure
Principal Data Analyst,Data & Analytics